Workbook

Sheet Identificação de Riscos
C3: Processo | D3: Descrição do evento de risco | G3: Incluir na matriz de análise de riscos? | I3: Referência | K3: Justificativas
D4: Causas | E4: Evento | F4: Consequências
D5: Descrição das causas do evento | E5: Descrição do evento de risco | F5: Descrição das consequência do evento | G5: Incluir na MAR | H5: =IF(G5="Incluir na MAR", COUNTIF($G$5:G5, "Incluir na MAR"),"") -> 1 | I5: =IF(G5="Incluir na MAR", "E"&H5,"") -> E1 | J5: =E5 -> Descrição do evento de risco
G6: Não Incluir na MAR | H6: =IF(G6="Incluir na MAR", COUNTIF($G$5:G6, "Incluir na MAR"),"") | I6: =IF(G6="Incluir na MAR", "E"&H6,"") | J6: =E6 -> 0
G7: Não Incluir na MAR | H7: =IF(G7="Incluir na MAR", COUNTIF($G$5:G7, "Incluir na MAR"),"") | I7: =IF(G7="Incluir na MAR", "E"&H7,"") | J7: =E7 -> 0
G8: Não Incluir na MAR | H8: =IF(G8="Incluir na MAR", COUNTIF($G$5:G8, "Incluir na MAR"),"") | I8: =IF(G8="Incluir na MAR", "E"&H8,"") | J8: =E8 -> 0
G9: Não Incluir na MAR | H9: =IF(G9="Incluir na MAR", COUNTIF($G$5:G9, "Incluir na MAR"),"") | I9: =IF(G9="Incluir na MAR", "E"&H9,"") | J9: =E9 -> 0
G10: Não Incluir na MAR | H10: =IF(G10="Incluir na MAR", COUNTIF($G$5:G10, "Incluir na MAR"),"") | I10: =IF(G10="Incluir na MAR", "E"&H10,"") | J10: =E10 -> 0
G12: Não Incluir na MAR | H12: =IF(G12="Incluir na MAR", COUNTIF($G$5:G12, "Incluir na MAR"),"") | I12: =IF(G12="Incluir na MAR", "E"&H12,"") | J12: =E12 -> 0
G13: Não Incluir na MAR | H13: =IF(G13="Incluir na MAR", COUNTIF($G$5:G13, "Incluir na MAR"),"") | I13: =IF(G13="Incluir na MAR", "E"&H13,"") | J13: =E13 -> 0
G14: Não Incluir na MAR | H14: =IF(G14="Incluir na MAR", COUNTIF($G$5:G14, "Incluir na MAR"),"") | I14: =IF(G14="Incluir na MAR", "E"&H14,"") | J14: =E14 -> 0
G15: Não Incluir na MAR | H15: =IF(G15="Incluir na MAR", COUNTIF($G$5:G15, "Incluir na MAR"),"") | I15: =IF(G15="Incluir na MAR", "E"&H15,"") | J15: =E15 -> 0
G16: Não Incluir na MAR | H16: =IF(G16="Incluir na MAR", COUNTIF($G$5:G16, "Incluir na MAR"),"") | I16: =IF(G16="Incluir na MAR", "E"&H16,"") | J16: =E16 -> 0
G17: Não Incluir na MAR | H17: =IF(G17="Incluir na MAR", COUNTIF($G$5:G17, "Incluir na MAR"),"") | I17: =IF(G17="Incluir na MAR", "E"&H17,"") | J17: =E17 -> 0
G19: Não Incluir na MAR | H19: =IF(G19="Incluir na MAR", COUNTIF($G$5:G19, "Incluir na MAR"),"") | I19: =IF(G19="Incluir na MAR", "E"&H19,"") | J19: =E19 -> 0
... G31: Não Incluir na MAR | H31: =IF(G31="Incluir na MAR", COUNTIF($G$5:G31, "Incluir na MAR"),"") | I31: =IF(G31="Incluir na MAR", "E"&H31,"") | J31: =E31 -> 0

Sheet MAR e Definição de escopo
C3: Processo | D3: Ref. | E3: Descrição do evento | F3: Avaliação do Risco Inerente | I3: Controles identificados | J3: Avaliação das respostas ao risco | L3: Relevância e Materialidade | M3: Viabilidade | N3: Incluir no escopo? (Sim; Não) | O3: Questão de Auditoria
F4: Impacto | G4: Probabilidade | H4: Nível de Risco Inerente | J4: Nível de Eficácia | K4: Nível de Risco Residual | M4: (Normal; Difícil; Inviável)
C5: ='Identificação de Riscos'!C5:C10 -> 0 | D5: E1 | E5: =VLOOKUP(D5,'Identificação de Riscos'!$I$3:$K$31,2,FALSE) -> Descrição do evento de risco | F5: Alto | G5: Muito Alta | H5: =INDEX(Tabelas!$C$4:$G$8,MATCH('MAR e Definição de escopo'!F5,Tabelas!$B$4:$B$8,0),MATCH(G5,Tabelas!$C$3:$G$3,0)) -> Extremo | I5: XXXX | J5: Satisfatório | K5: =INDEX(Tabelas!$K$4:$O$7,MATCH(H5,Tabelas!$J$4:$J$7,0),MATCH(J5,Tabelas!$K$3:$O$3,0)) -> Alto
D6: E2 | E6: =VLOOKUP(D6,'Identificação de Riscos'!$I$3:$K$31,2,FALSE) -> #N/A | F6: Muito Alto | G6: Alta | H6: =INDEX(Tabelas!$C$4:$G$8,MATCH('MAR e Definição de escopo'!F6,Tabelas!$B$4:$B$8,0),MATCH(G6,Tabelas!$C$3:$G$3,0)) -> Extremo | I6: YYYYY | J6: Forte | K6: =INDEX(Tabelas!$K$4:$O$7,MATCH(H6,Tabelas!$J$4:$J$7,0),MATCH(J6,Tabelas!$K$3:$O$3,0)) -> Médio
E7: =VLOOKUP(D7,'Identificação de Riscos'!$I$3:$K$31,2,FALSE) -> #N/A | H7: =INDEX(Tabelas!$C$4:$G$8,MATCH('MAR e Definição de escopo'!F7,Tabelas!$B$4:$B$8,0),MATCH(G7,Tabelas!$C$3:$G$3,0)) -> #N/A | K7: =INDEX(Tabelas!$K$4:$O$7,MATCH(H7,Tabelas!$J$4:$J$7,0),MATCH(J7,Tabelas!$K$3:$O$3,0)) -> #N/A
E8: =VLOOKUP(D8,'Identificação de Riscos'!$I$3:$K$31,2,FALSE) -> #N/A | H8: =INDEX(Tabelas!$C$4:$G$8,MATCH('MAR e Definição de escopo'!F8,Tabelas!$B$4:$B$8,0),MATCH(G8,Tabelas!$C$3:$G$3,0)) -> #N/A | K8: =INDEX(Tabelas!$K$4:$O$7,MATCH(H8,Tabelas!$J$4:$J$7,0),MATCH(J8,Tabelas!$K$3:$O$3,0)) -> #N/A
E9: =VLOOKUP(D9,'Identificação de Riscos'!$I$3:$K$31,2,FALSE) -> #N/A | H9: =INDEX(Tabelas!$C$4:$G$8,MATCH('MAR e Definição de escopo'!F9,Tabelas!$B$4:$B$8,0),MATCH(G9,Tabelas!$C$3:$G$3,0)) -> #N/A | K9: =INDEX(Tabelas!$K$4:$O$7,MATCH(H9,Tabelas!$J$4:$J$7,0),MATCH(J9,Tabelas!$K$3:$O$3,0)) -> #N/A
E10: =VLOOKUP(D10,'Identificação de Riscos'!$I$3:$K$31,2,FALSE) -> #N/A | H10: =INDEX(Tabelas!$C$4:$G$8,MATCH('MAR e Definição de escopo'!F10,Tabelas!$B$4:$B$8,0),MATCH(G10,Tabelas!$C$3:$G$3,0)) -> #N/A | K10: =INDEX(Tabelas!$K$4:$O$7,MATCH(H10,Tabelas!$J$4:$J$7,0),MATCH(J10,Tabelas!$K$3:$O$3,0)) -> #N/A
C12: ='Identificação de Riscos'!C12:C17 -> 0 | E12: =VLOOKUP(D12,'Identificação de Riscos'!$I$3:$K$31,2,FALSE) -> #N/A | H12: =INDEX(Tabelas!$C$4:$G$8,MATCH('MAR e Definição de escopo'!F12,Tabelas!$B$4:$B$8,0),MATCH(G12,Tabelas!$C$3:$G$3,0)) -> #N/A | K12: =INDEX(Tabelas!$K$4:$O$7,MATCH(H12,Tabelas!$J$4:$J$7,0),MATCH(J12,Tabelas!$K$3:$O$3,0)) -> #N/A
E13: =VLOOKUP(D13,'Identificação de Riscos'!$I$3:$K$31,2,FALSE) -> #N/A | H13: =INDEX(Tabelas!$C$4:$G$8,MATCH('MAR e Definição de escopo'!F13,Tabelas!$B$4:$B$8,0),MATCH(G13,Tabelas!$C$3:$G$3,0)) -> #N/A | K13: =INDEX(Tabelas!$K$4:$O$7,MATCH(H13,Tabelas!$J$4:$J$7,0),MATCH(J13,Tabelas!$K$3:$O$3,0)) -> #N/A
E14: =VLOOKUP(D14,'Identificação de Riscos'!$I$3:$K$31,2,FALSE) -> #N/A | H14: =INDEX(Tabelas!$C$4:$G$8,MATCH('MAR e Definição de escopo'!F14,Tabelas!$B$4:$B$8,0),MATCH(G14,Tabelas!$C$3:$G$3,0)) -> #N/A | K14: =INDEX(Tabelas!$K$4:$O$7,MATCH(H14,Tabelas!$J$4:$J$7,0),MATCH(J14,Tabelas!$K$3:$O$3,0)) -> #N/A
E15: =VLOOKUP(D15,'Identificação de Riscos'!$I$3:$K$31,2,FALSE) -> #N/A | H15: =INDEX(Tabelas!$C$4:$G$8,MATCH('MAR e Definição de escopo'!F15,Tabelas!$B$4:$B$8,0),MATCH(G15,Tabelas!$C$3:$G$3,0)) -> #N/A | K15: =INDEX(Tabelas!$K$4:$O$7,MATCH(H15,Tabelas!$J$4:$J$7,0),MATCH(J15,Tabelas!$K$3:$O$3,0)) -> #N/A
E16: =VLOOKUP(D16,'Identificação de Riscos'!$I$3:$K$31,2,FALSE) -> #N/A | H16: =INDEX(Tabelas!$C$4:$G$8,MATCH('MAR e Definição de escopo'!F16,Tabelas!$B$4:$B$8,0),MATCH(G16,Tabelas!$C$3:$G$3,0)) -> #N/A | K16: =INDEX(Tabelas!$K$4:$O$7,MATCH(H16,Tabelas!$J$4:$J$7,0),MATCH(J16,Tabelas!$K$3:$O$3,0)) -> #N/A
E17: =VLOOKUP(D17,'Identificação de Riscos'!$I$3:$K$31,2,FALSE) -> #N/A | H17: =INDEX(Tabelas!$C$4:$G$8,MATCH('MAR e Definição de escopo'!F17,Tabelas!$B$4:$B$8,0),MATCH(G17,Tabelas!$C$3:$G$3,0)) -> #N/A | K17: =INDEX(Tabelas!$K$4:$O$7,MATCH(H17,Tabelas!$J$4:$J$7,0),MATCH(J17,Tabelas!$K$3:$O$3,0)) -> #N/A
C19: ='Identificação de Riscos'!C19:C24 -> 0 | E19: =VLOOKUP(D19,'Identificação de Riscos'!$I$3:$K$31,2,FALSE) -> #N/A | H19: =INDEX(Tabelas!$C$4:$G$8,MATCH('MAR e Definição de escopo'!F19,Tabelas!$B$4:$B$8,0),MATCH(G19,Tabelas!$C$3:$G$3,0)) -> #N/A | K19: =INDEX(Tabelas!$K$4:$O$7,MATCH(H19,Tabelas!$J$4:$J$7,0),MATCH(J19,Tabelas!$K$3:$O$3,0)) -> #N/A
E20: =VLOOKUP(D20,'Identificação de Riscos'!$I$3:$K$31,2,FALSE) -> #N/A | H20: =INDEX(Tabelas!$C$4:$G$8,MATCH('MAR e Definição de escopo'!F20,Tabelas!$B$4:$B$8,0),MATCH(G20,Tabelas!$C$3:$G$3,0)) -> #N/A | K20: =INDEX(Tabelas!$K$4:$O$7,MATCH(H20,Tabelas!$J$4:$J$7,0),MATCH(J20,Tabelas!$K$3:$O$3,0)) -> #N/A
E21: =VLOOKUP(D21,'Identificação de Riscos'!$I$3:$K$31,2,FALSE) -> #N/A | H21: =INDEX(Tabelas!$C$4:$G$8,MATCH('MAR e Definição de escopo'!F21,Tabelas!$B$4:$B$8,0),MATCH(G21,Tabelas!$C$3:$G$3,0)) -> #N/A | K21: =INDEX(Tabelas!$K$4:$O$7,MATCH(H21,Tabelas!$J$4:$J$7,0),MATCH(J21,Tabelas!$K$3:$O$3,0)) -> #N/A
E22: =VLOOKUP(D22,'Identificação de Riscos'!$I$3:$K$31,2,FALSE) -> #N/A | H22: =INDEX(Tabelas!$C$4:$G$8,MATCH('MAR e Definição de escopo'!F22,Tabelas!$B$4:$B$8,0),MATCH(G22,Tabelas!$C$3:$G$3,0)) -> #N/A | K22: =INDEX(Tabelas!$K$4:$O$7,MATCH(H22,Tabelas!$J$4:$J$7,0),MATCH(J22,Tabelas!$K$3:$O$3,0)) -> #N/A
E23: =VLOOKUP(D23,'Identificação de Riscos'!$I$3:$K$31,2,FALSE) -> #N/A | H23: =INDEX(Tabelas!$C$4:$G$8,MATCH('MAR e Definição de escopo'!F23,Tabelas!$B$4:$B$8,0),MATCH(G23,Tabelas!$C$3:$G$3,0)) -> #N/A | K23: =INDEX(Tabelas!$K$4:$O$7,MATCH(H23,Tabelas!$J$4:$J$7,0),MATCH(J23,Tabelas!$K$3:$O$3,0)) -> #N/A
E24: =VLOOKUP(D24,'Identificação de Riscos'!$I$3:$K$31,2,FALSE) -> #N/A | H24: =INDEX(Tabelas!$C$4:$G$8,MATCH('MAR e Definição de escopo'!F24,Tabelas!$B$4:$B$8,0),MATCH(G24,Tabelas!$C$3:$G$3,0)) -> #N/A | K24: =INDEX(Tabelas!$K$4:$O$7,MATCH(H24,Tabelas!$J$4:$J$7,0),MATCH(J24,Tabelas!$K$3:$O$3,0)) -> #N/A
C26: ='Identificação de Riscos'!C26:C31 -> 0 | E26: =VLOOKUP(D26,'Identificação de Riscos'!$I$3:$K$31,2,FALSE) -> #N/A | H26: =INDEX(Tabelas!$C$4:$G$8,MATCH('MAR e Definição de escopo'!F26,Tabelas!$B$4:$B$8,0),MATCH(G26,Tabelas!$C$3:$G$3,0)) -> #N/A | K26: =INDEX(Tabelas!$K$4:$O$7,MATCH(H26,Tabelas!$J$4:$J$7,0),MATCH(J26,Tabelas!$K$3:$O$3,0)) -> #N/A
E27: =VLOOKUP(D27,'Identificação de Riscos'!$I$3:$K$31,2,FALSE) -> #N/A | H27: =INDEX(Tabelas!$C$4:$G$8,MATCH('MAR e Definição de escopo'!F27,Tabelas!$B$4:$B$8,0),MATCH(G27,Tabelas!$C$3:$G$3,0)) -> #N/A | K27: =INDEX(Tabelas!$K$4:$O$7,MATCH(H27,Tabelas!$J$4:$J$7,0),MATCH(J27,Tabelas!$K$3:$O$3,0)) -> #N/A
E28: =VLOOKUP(D28,'Identificação de Riscos'!$I$3:$K$31,2,FALSE) -> #N/A | H28: =INDEX(Tabelas!$C$4:$G$8,MATCH('MAR e Definição de escopo'!F28,Tabelas!$B$4:$B$8,0),MATCH(G28,Tabelas!$C$3:$G$3,0)) -> #N/A | K28: =INDEX(Tabelas!$K$4:$O$7,MATCH(H28,Tabelas!$J$4:$J$7,0),MATCH(J28,Tabelas!$K$3:$O$3,0)) -> #N/A
E29: =VLOOKUP(D29,'Identificação de Riscos'!$I$3:$K$31,2,FALSE) -> #N/A | H29: =INDEX(Tabelas!$C$4:$G$8,MATCH('MAR e Definição de escopo'!F29,Tabelas!$B$4:$B$8,0),MATCH(G29,Tabelas!$C$3:$G$3,0)) -> #N/A | K29: =INDEX(Tabelas!$K$4:$O$7,MATCH(H29,Tabelas!$J$4:$J$7,0),MATCH(J29,Tabelas!$K$3:$O$3,0)) -> #N/A
E30: =VLOOKUP(D30,'Identificação de Riscos'!$I$3:$K$31,2,FALSE) -> #N/A | H30: =INDEX(Tabelas!$C$4:$G$8,MATCH('MAR e Definição de escopo'!F30,Tabelas!$B$4:$B$8,0),MATCH(G30,Tabelas!$C$3:$G$3,0)) -> #N/A | K30: =INDEX(Tabelas!$K$4:$O$7,MATCH(H30,Tabelas!$J$4:$J$7,0),MATCH(J30,Tabelas!$K$3:$O$3,0)) -> #N/A
E31: =VLOOKUP(D31,'Identificação de Riscos'!$I$3:$K$31,2,FALSE) -> #N/A | H31: =INDEX(Tabelas!$C$4:$G$8,MATCH('MAR e Definição de escopo'!F31,Tabelas!$B$4:$B$8,0),MATCH(G31,Tabelas!$C$3:$G$3,0)) -> #N/A | K31: =INDEX(Tabelas!$K$4:$O$7,MATCH(H31,Tabelas!$J$4:$J$7,0),MATCH(J31,Tabelas!$K$3:$O$3,0)) -> #N/A

Sheet Tabelas
A1: Tabela Risco | I1: Tabela Hiato de Controle | S1: Matriz quantitativa | Z1: Matriz qualitativa
A2: Legenda Nível de Risco Extremo Alto Médio Baixo | C2: Probabilidade | K2: Eficácia do Controle | S2: Forte | T2: Satisfatório | U2: Mediano | V2: Fraco | W2: Inexistente | Z2: Forte | AA2: Satisfatório | AB2: Mediano | AC2: Fraco | AD2: Inexistente
C3: Muito Baixa | D3: Baixa | E3: Média | F3: Alta | G3: Muito Alta | K3: Forte | L3: Satisfatório | M3: Mediano | N3: Fraco | O3: Inexistente | S3: 0.8 | T3: 0.6 | U3: 0.4 | V3: 0.2 | W3: 0
A4: Impacto | B4: Muito Alto | C4: Médio | D4: Médio | E4: Alto | F4: Extremo | G4: Extremo | I4: Ranking do Risco | J4: Extremo | K4: =CONCATENATE(Z4," ",S4) -> Médio | L4: =CONCATENATE(AA4," ",T4) -> Alto | M4: =CONCATENATE(AB4," ",U4) -> Alto | N4: =CONCATENATE(AC4," ",V4) -> Extremo | O4: =CONCATENATE(AD4," ",W4) -> Extremo | R4: 100 | Z4: Médio | AA4: Alto | AB4: Alto | AC4: Extremo | AD4: Extremo
B5: Alto | C5: Baixo | D5: Médio | E5: Alto | F5: Alto | G5: Extremo | J5: Alto | K5: =CONCATENATE(Z8," "," ",S8) -> Baixo | L5: =CONCATENATE(AA6," ",T6) -> Médio | M5: =CONCATENATE(AB6," ",U6) -> Médio | N5: =CONCATENATE(AC6," ",V6) -> Alto | O5: =CONCATENATE(AD6," ",W6) -> Alto | R5: 80 | Z5: Médio | AA5: Médio | AB5: Alto | AC5: Alto | AD5: Extremo
B6: Médio | C6: Baixo | D6: Médio | E6: Médio | F6: Alto | G6: Alto | J6: Médio | K6: =CONCATENATE(Z9," "," ",S9) -> Baixo | L6: Baixo | M6: Baixo | N6: =CONCATENATE(AC9," ",V9) -> Médio | O6: =CONCATENATE(AD9," ",W9) -> Médio | R6: 64 | Z6: Médio | AA6: Médio | AB6: Médio | AC6: Alto | AD6: Alto
B7: Baixo | C7: Baixo | D7: Baixo | E7: Médio | F7: Médio | G7: Médio | J7: Baixo | K7: =CONCATENATE(Z16," "," ",S16) -> Baixo | L7: =CONCATENATE(AA16," "," ",T16) -> Baixo | M7: =CONCATENATE(AB16," ", " ",U16) -> Baixo | N7: =CONCATENATE(AC16," "," ",V16) -> Baixo | O7: =CONCATENATE(AD16," "," ",W16) -> Baixo | R7: 50 | Z7: Médio | AA7: Médio | AB7: Médio | AC7: Alto | AD7: Alto
B8: Muito Baixo | C8: Baixo | D8: Baixo | E8: Baixo | F8: Baixo | G8: Médio | R8: 40 | Z8: Baixo | AA8: Médio | AB8: Médio | AC8: Médio | AD8: Alto
R9: 25 | Z9: Baixo | AA9: Médio | AB9: Médio | AC9: Médio | AD9: Médio
R10: 20 | Z10: Baixo | AA10: Baixo | AB10: Médio | AC10: Médio | AD10: Médio
R11: 16 | Z11: Baixo | AA11: Baixo | AB11: Médio | AC11: Médio | AD11: Médio
R12: 10 | Z12: Baixo | AA12: Baixo | AB12: Baixo | AC12: Baixo | AD12: Médio
R13: 8 | Z13: Baixo | AA13: Baixo | AB13: Baixo | AC13: Baixo | AD13: Baixo
R14: 5 | Z14: Baixo | AA14: Baixo | AB14: Baixo | AC14: Baixo | AD14: Baixo
R15: 4 | Z15: Baixo | AA15: Baixo | AB15: Baixo | AC15: Baixo | AD15: Baixo
R16: 2 | Z16: Baixo | AA16: Baixo | AB16: Baixo | AC16: Baixo | AD16: Baixo
R17: 1 | Z17: Baixo | AA17: Baixo | AB17: Baixo | AC17: Baixo | AD17: Baixo

Sheet Elementos MARA_TCU
A1: Elementos para definição do Modelo de Avaliação de Riscos e de Asseguração do TCU
A3: Matriz de Risco | I3: Escalas de Probabilidade e Impacto
A4: Probabilidade | I4: Fatores | J4: MB | K4: B | L4: M | M4: A | N4: MA
A5: 0.1 | B5: 0.2 | C5: 0.5 | D5: 0.8 | E5: 1 | I5: Probabilidade | J5: 0.1 | K5: 0.2 | L5: 0.5 | M5: 0.8 | N5: 1 | P5: Teste do efeito dos controles - Risco Residual (RR)
A6: =$F$6*A5 -> 0.1 | B6: =$F$6*B5 -> 0.2 | C6: =$F$6*C5 -> 0.5 | D6: =$F$6*D5 -> 0.8 | E6: =$F$6*E5 -> 1 | F6: 1 | G6: Impacto | I6: Impacto | J6: 0.1 | K6: 0.2 | L6: 0.5 | M6: 0.8 | N6: 1 | P6: Efeito dos Controles | R6: RI
A7: =$F$7*A5 -> 0.08 | B7: =$F$7*B5 -> 0.16 | C7: =$F$7*C5 -> 0.4 | D7: =$F$7*D5 -> 0.64 | E7: =$F$7*E5 -> 0.8 | F7: 0.8 | I7: RISCO | J7: =J5*J6 -> 0.01 | K7: =J5*M6 -> 0.08 | L7: =L5*L6 -> 0.25 | M7: =M5*M6 -> 0.64 | N7: =N5*N6 -> 1 | R7: 0.2 | S7: 0.25 | T7: 0.5 | U7: 0.64 | V7: 0.8 | W7: 1
A8: =$F$8*A5 -> 0.05 | B8: =$F$8*B5 -> 0.1 | C8: =$F$8*C5 -> 0.25 | D8: =$F$8*D5 -> 0.4 | E8: =$F$8*E5 -> 0.5 | F8: 0.5 | J8: BAIXO | L8: MÉDIO | M8: ALTO | N8: EXTREMO | P8: Eficácia | Q8: RC | R8: RR
A9: =$F$9*A5 -> 0.02 | B9: =$F$9*B5 -> 0.04 | C9: =$F$9*C5 -> 0.1 | D9: =$F$9*D5 -> 0.16 | E9: =$F$9*E5 -> 0.2 | F9: 0.2 | J9: Premissas | P9: Inexist | Q9: 1 | R9: =R7*$Q$9 -> 0.2 | S9: =S7*$Q$9 -> 0.25 | T9: =T7*$Q$9 -> 0.5 | U9: =U7*$Q$9 -> 0.64 | V9: =V7*$Q$9 -> 0.8 | W9: =W7*$Q$9 -> 1
A10: =$F$10*A5 -> 0.01 | B10: =$F$10*B5 -> 0.02 | C10: =$F$10*C5 -> 0.05 | D10: =$F$10*D5 -> 0.08 | E10: =$F$10*E5 -> 0.1 | F10: 0.1 | J10: Adoção da regra 80/20 (Pareto) para o último intervalo das Escalas de Probabilidade e Impacto (ambos de 0,80 a 1,00 = 20%) e para a área de risco EXTREMO da Matriz de Risco. | P10: Fraco | Q10: 0.8 | R10: =R7*$Q$10 -> 0.16 | S10: =S7*$Q$10 -> 0.2 | T10: =T7*$Q$10 -> 0.4 | U10: =U7*$Q$10 -> 0.512 | V10: =V7*$Q$10 -> 0.64 | W10: =W7*$Q$10 -> 0.8
P11: Mediano | Q11: 0.6 | R11: =R7*$Q$11 -> 0.12 | S11: =S7*$Q$11 -> 0.15 | T11: =T7*$Q$11 -> 0.3 | U11: =U7*$Q$11 -> 0.384 | V11: =V7*$Q$11 -> 0.48 | W11: =W7*$Q$11 -> 0.6
A12: Níveis de Risco no TCEu | C12: Níveis de Risco no TCU | P12: Satisfat | Q12: 0.4 | R12: =R7*$Q$12 -> 0.08 | S12: =S7*$Q$12 -> 0.1 | T12: =T7*$Q$12 -> 0.2 | U12: =U7*$Q$12 -> 0.256 | V12: =V7*$Q$12 -> 0.32 | W12: =W7*$Q$12 -> 0.4
A13: 0,00 - 0,60 | B13: Não Elevado | C13: 0 | D13: 0.099 | E13: BAIXO | P13: Forte | Q13: 0.2 | R13: =R7*$Q$13 -> 0.04 | S13: =S7*$Q$13 -> 0.05 | T13: =T7*$Q$13 -> 0.1 | U13: =U7*$Q$13 -> 0.128 | V13: =V7*$Q$13 -> 0.16 | W13: =W7*$Q$13 -> 0.2
C14: 0.1 | D14: 0.399 | E14: MÉDIO | J14: Distribuição das células (áreas de riscos) na Matriz
A15: 0,61 - 1,00 | B15: Elevado | C15: 0.4 | D15: 0.799 | E15: ALTO | J15: 8 | K15: 9 | L15: 5 | M15: 3 | N15: =SUM(J15:M15) -> 25
C16: 0.8 | D16: 1 | E16: EXTREMO | J16: =J15/$N$15 -> 0.32 | K16: =K15/$N$15 -> 0.36 | L16: =L15/$N$15 -> 0.2 | M16: =M15/$N$15 -> 0.12 | N16: =N15/$N$15 -> 1
A18: Política em Relação ao Controle Interno do TC Europeu | H18: Política em Relação ao Controle Interno do TCU
A19: Níveis de Confiança e Risco de Controle | H19: Níveis de Confiança e Risco de Controle | M19: Abordagem do TCU para testes de controle no nível das transações ou afirmações
A20: Avaliação | C20: NC | D20: RC | E20: Nível | H20: Avaliação | J20: NC(1) | K20: RC | L20: Nível
A21: Excellent | C21: 85 | D21: =1-(C21/100) -> 0.15 | E21: BAIXO | H21: Forte | J21: 80 | K21: =1-(J21/100) -> 0.2 | L21: M.BAIXO | M21: Teste de efetividade operacional dos controles é obrigatório para confirmar a avaliação preliminar do RC quando este for menor que ALTO. Com o valor do RC confirmado, recalcular o risco de detecção aceitável (RD) e o nível de confiança mínimo (NC) a ser obtido por meio de testes substantivos (NC = 1 - RD) e que deverá ser levado em consideração na determinação da extensão dos referidos testes.
A22: Good | C22: 75 | D22: =1-(C22/100) -> 0.25 | E22: MÉDIO | H22: Satisfatório | J22: 60 | K22: =1-(J22/100) -> 0.4 | L22: BAIXO
H23: Mediano | J23: 40 | K23: =1-(J23/100) -> 0.6 | L23: MÉDIO
H24: Fraco | J24: 20 | K24: =1-(J24/100) -> 0.8 | L24: ALTO | M24: Não realiza teste de efetividade operacional de controles. A abordagem de auditoria deve ser puramente substantiva e a extensão deve levar em consideração diretamente estes RC no cálculo do RD que derivará o NC mínimo necessário.
A25: Poor or not tested | C25: 0 | D25: =1-(C25/100) -> 1 | E25: ALTO | H25: Inexistente/não testado | J25: 0 | K25: =1-(J25/100) -> 1 | L25: M. ALTO
A27: (1)Nossos NC em controles são inferiores aos europeus para compensar a imaturidade do ambiente de controle, governança e gestão de riscos no setor público e o elevado grau de fraude e corrupção no País.

Sheet Nota Matriz de Risco
B2: Nota de avaliação do Risco Inerente | J2: Nota de avaliação do Risco Residual
E4: Quant. | F4: Valoração | G4: Resultado | M4: Quant. | N4: Valoração | O4: Resultado
B5: Extremo 100 | E5: =COUNTIF('MAR e Definição de escopo'!$H$5:$H$50, B5) -> 0 | F5: 100 | G5: =F5*E5 -> 0 | H5: Média simples | J5: Extremo 100 | M5: =COUNTIF('MAR e Definição de escopo'!$K$5:$K$50,J5) -> 0 | N5: 100 | O5: =N5*M5 -> 0 | P5: Média simples
B6: Extremo 80 | E6: =COUNTIF('MAR e Definição de escopo'!$H$5:$H$50, B6) -> 0 | F6: 80 | G6: =F6*E6 -> 0 | J6: Extremo 80 | M6: =COUNTIF('MAR e Definição de escopo'!$K$5:$K$50,J6) -> 0 | N6: 80 | O6: =N6*M6 -> 0
B7: Alto 64 | E7: =COUNTIF('MAR e Definição de escopo'!$H$5:$H$50, B7) -> 0 | F7: 64 | G7: =F7*E7 -> 0 | J7: Alto 64 | M7: =COUNTIF('MAR e Definição de escopo'!$K$5:$K$50,J7) -> 0 | N7: 64 | O7: =N7*M7 -> 0
B8: Alto 50 | E8: =COUNTIF('MAR e Definição de escopo'!$H$5:$H$50, B8) -> 0 | F8: 50 | G8: =F8*E8 -> 0 | J8: Alto 60 | M8: =COUNTIF('MAR e Definição de escopo'!$K$5:$K$50,J8) -> 0 | N8: 60 | O8: =N8*M8 -> 0
B9: Alto 40 | E9: =COUNTIF('MAR e Definição de escopo'!$H$5:$H$50, B9) -> 0 | F9: 40 | G9: =F9*E9 -> 0 | H9: =(G19/E19) -> #DIV/0! | J9: Alto 51 | M9: =COUNTIF('MAR e Definição de escopo'!$K$5:$K$50,J9) -> 0 | N9: 51 | O9: =N9*M9 -> 0 | P9: =O33/M33 -> #DIV/0!
B10: Médio 25 | E10: =COUNTIF('MAR e Definição de escopo'!$H$5:$H$50, B10) -> 0 | F10: 25 | G10: =F10*E10 -> 0 | J10: Alto 50 | M10: =COUNTIF('MAR e Definição de escopo'!$K$5:$K$50,J10) -> 0 | N10: 50 | O10: =N10*M10 -> 0
B11: Médio 20 | E11: =COUNTIF('MAR e Definição de escopo'!$H$5:$H$50, B11) -> 0 | F11: 20 | G11: =F11*E11 -> 0 | J11: Alto 48 | M11: =COUNTIF('MAR e Definição de escopo'!$K$5:$K$50,J11) -> 0 | N11: 48 | O11: =N11*M11 -> 0
B12: Médio 16 | E12: =COUNTIF('MAR e Definição de escopo'!$H$5:$H$50, B12) -> 0 | F12: 16 | G12: =F12*E12 -> 0 | J12: Alto 40 | M12: =COUNTIF('MAR e Definição de escopo'!$K$5:$K$50,J12) -> 0 | N12: 40 | O12: =N12*M12 -> 0
B13: Médio 10 | E13: =COUNTIF('MAR e Definição de escopo'!$H$5:$H$50, B13) -> 0 | F13: 10 | G13: =F13*E13 -> 0 | J13: Médio 38 | M13: =COUNTIF('MAR e Definição de escopo'!$K$5:$K$50,J13) -> 0 | N13: 38 | O13: =N13*M13 -> 0
B14: Baixo 8 | E14: =COUNTIF('MAR e Definição de escopo'!$H$5:$H$50, B14) -> 0 | F14: 8 | G14: =F14*E14 -> 0 | J14: Médio 32 | M14: =COUNTIF('MAR e Definição de escopo'!$K$5:$K$50,J14) -> 0 | N14: 32 | O14: =N14*M14 -> 0
B15: Baixo 5 | E15: =COUNTIF('MAR e Definição de escopo'!$H$5:$H$50, B15) -> 0 | F15: 5 | G15: =F15*E15 -> 0 | J15: Médio 30 | M15: =COUNTIF('MAR e Definição de escopo'!$K$5:$K$50,J15) -> 0 | N15: 30 | O15: =N15*M15 -> 0
B16: Baixo 4 | E16: =COUNTIF('MAR e Definição de escopo'!$H$5:$H$50, B16) -> 0 | F16: 4 | G16: =F16*E16 -> 0 | J16: Médio 26 | M16: =COUNTIF('MAR e Definição de escopo'!$K$5:$K$50,J16) -> 0 | N16: 26 | O16: =N16*M16 -> 0
B17: Baixo 2 | E17: =COUNTIF('MAR e Definição de escopo'!$H$5:$H$50, B17) -> 0 | F17: 2 | G17: =F17*E17 -> 0 | J17: Médio 25 | M17: =COUNTIF('MAR e Definição de escopo'!$K$5:$K$50,J17) -> 0 | N17: 25 | O17: =N17*M17 -> 0
B18: Baixo 1 | E18: =COUNTIF('MAR e Definição de escopo'!$H$5:$H$50, B18) -> 0 | F18: 1 | G18: =F18*E18 -> 0 | J18: Médio 24 | M18: =COUNTIF('MAR e Definição de escopo'!$K$5:$K$50,J18) -> 0 | N18: 24 | O18: =N18*M18 -> 0
D19: Total | E19: =SUM(E5:E18) -> 0 | G19: =SUM(G5:G18) -> 0 | J19: Médio 20 | M19: =COUNTIF('MAR e Definição de escopo'!$K$5:$K$50,J19) -> 0 | N19: 20 | O19: =N19*M19 -> 0
J20: Médio 16 | M20: =COUNTIF('MAR e Definição de escopo'!$K$5:$K$50,J20) -> 0 | N20: 16 | O20: =N20*M20 -> 0
J21: Médio 15 | M21: =COUNTIF('MAR e Definição de escopo'!$K$5:$K$50,J21) -> 0 | N21: 15 | O21: =N21*M21 -> 0
J22: Médio 13 | M22: =COUNTIF('MAR e Definição de escopo'!$K$5:$K$50,J22) -> 0 | N22: 13 | O22: =N22*M22 -> 0
J23: Médio 12 | M23: =COUNTIF('MAR e Definição de escopo'!$K$5:$K$50,J23) -> 0 | N23: 12 | O23: =N23*M23 -> 0
J24: Médio 10 | M24: =COUNTIF('MAR e Definição de escopo'!$K$5:$K$50,J24) -> 0 | N24: 10 | O24: =N24*M24 -> 0
J25: Baixo 8 | M25: =COUNTIF('MAR e Definição de escopo'!$K$5:$K$50,J25) -> 0 | N25: 8 | O25: =N25*M25 -> 0
J26: Baixo 6 | M26: =COUNTIF('MAR e Definição de escopo'!$K$5:$K$50,J26) -> 0 | N26: 6 | O26: =N26*M26 -> 0
J27: Baixo 5 | M27: =COUNTIF('MAR e Definição de escopo'!$K$5:$K$50,J27) -> 0 | N27: 5 | O27: =N27*M27 -> 0
J28: Baixo 4 | M28: =COUNTIF('MAR e Definição de escopo'!$K$5:$K$50,J28) -> 0 | N28: 4 | O28: =N28*M28 -> 0
J29: Baixo 3 | M29: =COUNTIF('MAR e Definição de escopo'!$K$5:$K$50,J29) -> 0 | N29: 3 | O29: =N29*M29 -> 0
J30: Baixo 2 | M30: =COUNTIF('MAR e Definição de escopo'!$K$5:$K$50,J30) -> 0 | N30: 2 | O30: =N30*M30 -> 0
J31: Baixo 1 | M31: =COUNTIF('MAR e Definição de escopo'!$K$5:$K$50,J31) -> 0 | N31: 1 | O31: =N31*M31 -> 0
J32: Baixo 0 | M32: =COUNTIF('MAR e Definição de escopo'!$K$5:$K$50,J32) -> 0 | N32: 0 | O32: =N32*M32 -> 0
L33: Total | M33: =SUM(M5:M32) -> 0 | O33: =SUM(O5:O32) -> 0
